id;Photo_ID;REC_TIME;LATITUDE;LONGITUDE;Method;substrate;slice_id;slice_start;slice_end;bottle_weight;wet_weight;dry_weight;shell;syringe_diameter;crucible_weight;preMuffleBoat_weight;postMuffleBoat_weight;preMuffle_weight;postMuffle_weight;LOI
NA;Mud_1;2026-04-03 11:54:44.000 GMT+02:00;46.959318;-2.173822;NA;mud;NA;NA;NA;NA;NA;NA;NA;NA;NA;NA;NA;NA;NA;NA
Mud_1;Mud_1_slice_top;2026-04-03 11:57:20.000 GMT+02:00;46.959302;-2.173817;slice;mud;0-10;0;10;17.473;47.956;36.522;FALSE;2;0.431;1.432;1.405;1.001;0.974;2.697302697
Mud_1;Mud_1_slice_top;2026-04-03 11:57:20.000 GMT+02:00;46.959302;-2.173817;slice;mud;10-20;10;20;17.479;46.733;34.526;FALSE;2;0.439;1.446;1.42;1.007;0.981;2.581926514
Mud_1;Mud_1_slice_top;2026-04-03 11:57:20.000 GMT+02:00;46.959302;-2.173817;slice;mud;20-30;20;30;17.288;48.484;37.531;FALSE;2;0.53;1.533;1.509;1.003;0.979;2.392821535
Mud_1;Mud_1_slice_top;2026-04-03 11:57:20.000 GMT+02:00;46.959302;-2.173817;slice;mud;30-40;30;40;17.484;50.85;40.133;TRUE;2;0.527;1.529;1.509;1.002;0.982;1.996007984
Mud_1;Mud_1_slice_top;2026-04-03 11:57:20.000 GMT+02:00;46.959302;-2.173817;slice;mud;40-50;40;50;17.471;48.303;38.005;TRUE;2;0.527;1.55;1.534;1.023;1.007;1.56402737
Mud_1;Mud_1_slice_bot;2026-04-03 12:06:19.000 GMT+02:00;46.959298;-2.173827;slice;mud;50-60;50;60;17.479;51.742;41.689;FALSE;2;0.528;1.579;1.559;1.051;1.031;1.902949572
Mud_1;Mud_1_slice_bot;2026-04-03 12:06:19.000 GMT+02:00;46.959298;-2.173827;slice;mud;60-70;60;70;17.289;54.003;45.097;FALSE;2;0.548;1.614;1.601;1.066;1.053;1.219512195
Mud_1;Mud_1_slice_bot;2026-04-03 12:06:19.000 GMT+02:00;46.959298;-2.173827;slice;mud;70-80;70;80;17.468;53.455;44.267;FALSE;2;0.545;1.592;1.583;1.047;1.038;0.859598854
Mud_1;Mud_1_slice_bot;2026-04-03 12:06:19.000 GMT+02:00;46.959298;-2.173827;slice;mud;80-90;80;90;17.283;53.902;44.378;FALSE;2;0.553;1.6;1.588;1.047;1.035;1.146131805
Mud_1;Mud_1_slice_bot;2026-04-03 12:06:19.000 GMT+02:00;46.959298;-2.173827;slice;mud;90-100;90;100;17.293;54.005;44.753;FALSE;2;0.54;1.57;1.561;1.03;1.021;0.873786408
Mud_1;Mud_1_mix_top;2026-04-03 12:13:56.000 GMT+02:00;46.959337;-2.173833;mix;mud;full;0;100;17.277;53.049;41.868;FALSE;2.8;0.384;1.389;1.377;1.005;0.993;1.194029851
Mud_1;Mud_1_mix_bot;2026-04-03 12:18:00.000 GMT+02:00;46.959313;-2.173827;mix;mud;full;0;100;NA;NA;NA;NA;2.8;NA;NA;NA;NA;NA;NA
Mud_2;Mud_2_slice_top;2026-04-03 12:28:11.000 GMT+02:00;46.959337;-2.173848;slice;mud;0-10;0;10;17.482;50.122;38.834;FALSE;2;0.432;1.513;1.495;1.081;1.063;1.665124884
Mud_2;Mud_2_slice_top;2026-04-03 12:28:11.000 GMT+02:00;46.959337;-2.173848;slice;mud;10-20;10;20;17.475;47.434;36.971;FALSE;2;0.441;1.453;1.435;1.012;0.994;1.778656126
Mud_2;Mud_2_slice_top;2026-04-03 12:28:11.000 GMT+02:00;46.959337;-2.173848;slice;mud;20-30;20;30;17.284;47;35.581;FALSE;2;0.529;1.533;1.509;1.004;0.98;2.390438247
Mud_2;Mud_2_slice_top;2026-04-03 12:28:11.000 GMT+02:00;46.959337;-2.173848;slice;mud;30-40;30;40;17.479;50.376;40.319;FALSE;2;0.528;1.528;1.512;1;0.984;1.6
Mud_2;Mud_2_slice_top;2026-04-03 12:28:11.000 GMT+02:00;46.959337;-2.173848;slice;mud;40-50;40;50;17.482;50.069;38.738;FALSE;2;0.528;1.533;1.508;1.005;0.98;2.487562189
Mud_2;Mud_2_slice_bot;2026-04-03 12:33:40.000 GMT+02:00;46.959308;-2.173845;slice;mud;50-60;50;60;17.282;49.257;37.448;FALSE;2;0.53;1.545;1.511;1.015;0.981;3.349753695
Mud_2;Mud_2_slice_bot;2026-04-03 12:33:40.000 GMT+02:00;46.959308;-2.173845;slice;mud;60-70;60;70;17.296;50.727;41.043;FALSE;2;0.55;1.582;1.563;1.032;1.013;1.841085271
Mud_2;Mud_2_slice_bot;2026-04-03 12:33:40.000 GMT+02:00;46.959308;-2.173845;slice;mud;70-80;70;80;17.478;52.816;43.829;FALSE;2;0.545;1.548;1.53;1.003;0.985;1.794616152
Mud_2;Mud_2_slice_bot;2026-04-03 12:33:40.000 GMT+02:00;46.959308;-2.173845;slice;mud;80-90;80;90;17.477;51.919;42.991;FALSE;2;0.555;1.58;1.566;1.025;1.01;1.463414634
Mud_2;Mud_2_slice_bot;2026-04-03 12:33:40.000 GMT+02:00;46.959308;-2.173845;slice;mud;90-100;90;100;17.465;51.65;42.772;FALSE;2;0.541;1.547;1.535;1;0.988;1.2
Mud_2;Mud_2_mix_top;2026-04-03 12:42:41.000 GMT+02:00;46.959345;-2.173852;mix;mud;full;0;100;17.477;50.755;40.292;FALSE;2.8;0.432;1.467;1.452;1.035;1.02;1.449275362
Mud_2;Mud_2_mix_bot;2026-04-03 12:46:20.000 GMT+02:00;46.959385;-2.173888;mix;mud;full;0;100;NA;NA;NA;NA;2.8;NA;NA;NA;NA;NA;NA
Mud_3;Mud_3_slice_top;2026-04-03 12:52:35.000 GMT+02:00;46.959322;-2.173913;slice;mud;0-10;0;10;17.287;51.703;40.301;FALSE;2;0.387;1.399;1.379;1.012;0.992;1.976284585
Mud_3;Mud_3_slice_top;2026-04-03 12:52:35.000 GMT+02:00;46.959322;-2.173913;slice;mud;10-20;10;20;17.47;47.333;34.553;FALSE;2;0.392;1.4;1.378;1.008;0.986;2.182539683
Mud_3;Mud_3_slice_top;2026-04-03 12:52:35.000 GMT+02:00;46.959322;-2.173913;slice;mud;20-30;20;30;17.291;50.56;39.217;FALSE;2;0.39;1.41;1.39;1.08;1;7.407407407
Mud_3;Mud_3_slice_top;2026-04-03 12:52:35.000 GMT+02:00;46.959322;-2.173913;slice;mud;30-40;30;40;17.293;51.132;39.779;FALSE;2;0.392;1.406;1.39;1.014;0.998;1.57790927
Mud_3;Mud_3_slice_top;2026-04-03 12:52:35.000 GMT+02:00;46.959322;-2.173913;slice;mud;40-50;40;50;17.471;51.187;40.51;TRUE;2;0.419;1.441;1.425;0.962;0.946;1.663201663
Mud_3;Mud_3_slice_bot;2026-04-03 12:59:58.000 GMT+02:00;46.959282;-2.17389;slice;mud;50-60;50;60;17.472;48.077;34.386;FALSE;2;0.427;1.447;1.413;1.02;0.998;2.156862745
Mud_3;Mud_3_slice_bot;2026-04-03 12:59:58.000 GMT+02:00;46.959282;-2.17389;slice;mud;60-70;60;70;17.291;50.198;38.854;FALSE;2;0.412;1.423;1.403;0.951;0.931;2.103049422
Mud_3;Mud_3_slice_bot;2026-04-03 12:59:58.000 GMT+02:00;46.959282;-2.17389;slice;mud;70-80;70;80;17.287;55.728;47.24;FALSE;2;0.378;1.394;1.387;1.016;1.009;0.688976378
Mud_3;Mud_3_slice_bot;2026-04-03 12:59:58.000 GMT+02:00;46.959282;-2.17389;slice;mud;80-90;80;90;17.295;54.368;45.079;FALSE;2;0.383;1.391;1.384;1.008;1.001;0.694444444
Mud_3;Mud_3_slice_bot;2026-04-03 12:59:58.000 GMT+02:00;46.959282;-2.17389;slice;mud;90-100;90;100;17.282;53.758;45.041;FALSE;2;0.393;1.412;1.407;1.019;1.014;0.490677134
Mud_3;Mud_3_mix_top;2026-04-03 13:03:55.000 GMT+02:00;46.959302;-2.173918;mix;mud;full;0;100;17.466;52.152;42.147;FALSE;2.8;0.441;1.451;1.435;1.01;0.994;1.584158416
Mud_3;Mud_3_mix_bot;2026-04-03 13:06:12.000 GMT+02:00;46.959332;-2.173907;mix;mud;full;0;100;NA;NA;NA;NA;2.8;NA;NA;NA;NA;NA;NA
Sand_1;Sand_1_slice_top;2026-04-03 13:31:15.000 GMT+02:00;46.963957;-2.169723;slice;sand;0-10;0;10;17.296;54.136;45.642;FALSE;2;0.386;1.39;1.38;1.004;0.994;0.996015936
Sand_1;Sand_1_slice_top;2026-04-03 13:31:15.000 GMT+02:00;46.963957;-2.169723;slice;sand;10-20;10;20;17.465;56.893;49.082;TRUE;2;0.39;1.453;1.439;1.063;1.049;1.317027281
Sand_1;Sand_1_slice_top;2026-04-03 13:31:15.000 GMT+02:00;46.963957;-2.169723;slice;sand;20-30;20;30;17.471;53.728;45.152;TRUE;2;0.391;1.396;1.388;1.005;0.997;0.7960199
Sand_1;Sand_1_slice_top;2026-04-03 13:31:15.000 GMT+02:00;46.963957;-2.169723;slice;sand;30-40;30;40;17.476;51.994;47.712;FALSE;2;0.392;1.416;1.404;1.024;1.012;1.171875
Sand_1;Sand_1_slice_top;2026-04-03 13:31:15.000 GMT+02:00;46.963957;-2.169723;slice;sand;40-50;40;50;17.47;51.68;41.648;FALSE;2;0.419;1.422;1.41;1.003;0.991;1.196410768
Sand_1;Sand_1_slice_bot;2026-04-03 13:37:40.000 GMT+02:00;46.963945;-2.16972;slice;sand;50-60;50;60;17.467;52.845;42.637;FALSE;2;0.427;1.446;1.436;1.019;1.009;0.981354269
Sand_1;Sand_1_slice_bot;2026-04-03 13:37:40.000 GMT+02:00;46.963945;-2.16972;slice;sand;60-70;60;70;17.289;48.559;38.687;FALSE;2;0.413;1.418;1.408;1.005;0.995;0.995024876
Sand_1;Sand_1_mix_top;2026-04-03 13:42:59.000 GMT+02:00;46.963953;-2.16972;mix;sand;full;0;70;17.286;52.82;42.503;FALSE;2.8;0.377;1.394;1.385;1.017;1.008;0.884955752
Sand_1;Sand_1_mix_bot;2026-04-03 13:46:30.000 GMT+02:00;46.963957;-2.16973;mix;sand;full;0;70;NA;NA;NA;NA;2.8;NA;NA;NA;NA;NA;NA
Sand_2;Sand_2_slice_top;2026-04-03 13:50:58.000 GMT+02:00;46.963988;-2.169673;slice;sand;0-10;0;10;17.474;53.672;45.157;FALSE;2;0.386;1.474;1.464;1.088;1.078;0.919117647
Sand_2;Sand_2_slice_top;2026-04-03 13:50:58.000 GMT+02:00;46.963988;-2.169673;slice;sand;10-20;10;20;17.47;51.932;41.609;FALSE;2;0.39;1.399;1.387;1.009;0.997;1.189296333
Sand_2;Sand_2_slice_top;2026-04-03 13:50:58.000 GMT+02:00;46.963988;-2.169673;slice;sand;20-30;20;30;17.295;56.417;48.612;FALSE;2;0.39;1.441;1.435;1.051;1.045;0.570884872
Sand_2;Sand_2_slice_top;2026-04-03 13:50:58.000 GMT+02:00;46.963988;-2.169673;slice;sand;30-40;30;40;17.478;51.404;42.374;FALSE;2;0.392;1.45;1.439;1.058;1.047;1.039697543
Sand_2;Sand_2_slice_top;2026-04-03 13:50:58.000 GMT+02:00;46.963988;-2.169673;slice;sand;40-50;40;50;17.3;51.181;40.53;FALSE;2;0.418;1.515;1.497;1.097;1.079;1.640838651
Sand_2;Sand_2_slice_bot;2026-04-03 13:56:53.000 GMT+02:00;46.96398;-2.169652;slice;sand;50-60;50;60;17.284;47.06;35.651;FALSE;2;0.427;1.44;1.422;1.013;0.995;1.776900296
Sand_2;Sand_2_slice_bot;2026-04-03 13:56:53.000 GMT+02:00;46.96398;-2.169652;slice;sand;60-70;60;70;17.469;47.388;34.467;FALSE;2;0.393;1.427;1.411;1.034;1.018;1.547388781
Sand_2;Sand_2_slice_bot;2026-04-03 13:56:53.000 GMT+02:00;46.96398;-2.169652;slice;sand;70-80;70;80;17.3;50.499;39.326;FALSE;2;0.376;1.392;1.379;1.016;1.003;1.279527559
Sand_2;Sand_2_mix_top;2026-04-03 14:02:12.000 GMT+02:00;46.963997;-2.169647;mix;sand;full;0;80;17.472;52.403;41.316;FALSE;2.8;0.38;1.381;1.371;1.001;0.991;0.999000999
Sand_2;Sand_2_mix_bot;2026-04-03 14:03:48.000 GMT+02:00;46.964007;-2.169652;mix;sand;full;0;80;NA;NA;NA;NA;2.8;NA;NA;NA;NA;NA;NA
Sand_3;Sand_3_slice_top;2026-04-03 14:10:01.000 GMT+02:00;46.963987;-2.169695;slice;sand;0-10;0;10;17.481;49.952;39.792;FALSE;2;0.431;1.593;1.58;1.162;1.149;1.118760757
Sand_3;Sand_3_slice_top;2026-04-03 14:10:01.000 GMT+02:00;46.963987;-2.169695;slice;sand;10-20;10;20;17.292;51.155;41.221;TRUE;2;0.437;1.572;1.549;1.135;1.112;2.026431718
Sand_3;Sand_3_slice_top;2026-04-03 14:10:01.000 GMT+02:00;46.963987;-2.169695;slice;sand;20-30;20;30;17.277;52.428;43.566;TRUE;2;0.526;1.682;1.665;1.156;1.139;1.470588235
Sand_3;Sand_3_slice_top;2026-04-03 14:10:01.000 GMT+02:00;46.963987;-2.169695;slice;sand;30-40;30;40;17.472;50.662;39.838;TRUE;2;0.525;1.669;1.648;1.144;1.123;1.835664336
Sand_3;Sand_3_slice_top;2026-04-03 14:10:01.000 GMT+02:00;46.963987;-2.169695;slice;sand;40-50;40;50;17.287;49.997;39.102;FALSE;2;0.524;1.531;1.513;1.007;0.989;1.787487587
Sand_3;Sand_3_slice_bot;2026-04-03 14:16:05.000 GMT+02:00;46.964005;-2.169703;slice;sand;50-60;50;60;17.466;50.008;38.599;FALSE;2;0.524;1.599;1.571;1.075;1.047;2.604651163
Sand_3;Sand_3_slice_bot;2026-04-03 14:16:05.000 GMT+02:00;46.964005;-2.169703;slice;sand;60-70;60;70;17.467;51.153;42.137;FALSE;2;0.544;1.682;1.666;1.138;1.122;1.405975395
Sand_3;Sand_3_slice_bot;2026-04-03 14:16:05.000 GMT+02:00;46.964005;-2.169703;slice;sand;70-80;70;80;17.474;51.019;41.233;FALSE;2;0.543;1.56;1.543;1.017;1;1.671583088
Sand_3;Sand_3_slice_bot;2026-04-03 14:16:05.000 GMT+02:00;46.964005;-2.169703;slice;sand;80-90;80;90;17.27;51.674;41.689;FALSE;2;0.55;1.644;1.632;1.094;1.082;1.096892139
Sand_3;Sand_3_slice_bot;2026-04-03 14:16:05.000 GMT+02:00;46.964005;-2.169703;slice;sand;90-100;90;100;17.475;53.228;43.574;FALSE;2;0.539;1.57;1.558;1.031;1.019;1.163918526
Sand_3;Sand_3_mix_top;2026-04-03 14:22:39.000 GMT+02:00;46.963982;-2.169685;mix;sand;full;0;100;17.289;55.105;45.637;FALSE;2.8;0.411;1.516;1.509;1.105;1.098;0.633484163
Sand_3;Sand_3_mix_bot;2026-04-03 14:25:16.000 GMT+02:00;46.963992;-2.16969;mix;sand;full;0;100;NA;NA;NA;NA;2.8;NA;NA;NA;NA;NA;NA
NA;non-stable site;2026-04-03 14:50:22.000 GMT+02:00;46.961097;-2.177215;NA;NA;NA;NA;NA;NA;NA;NA;NA;NA;NA;NA;NA;NA;NA;NA
